{
    "atoms": [[0.0,0.0,0.0],
            [0.5,0.5,0.5]
        ],
    "nx": 1,
    "ny": 20,
    "nz": 20,
    "lattice_vecs": [[9.4583, 0.0,0.0],
                        [0.0, 6.01, 0.0],
                        [0.0, 0.0, 8.5576]
                        ],
    "plane":[1,2],
    "interaction_types": [7.0500364653312255],
    "translation_dist": 6.01,
    "j_ij": [-0.0205049, -0.0205049, -0.0402473],
    "sigma": [0.13073392682161145, 0.12459356586861763, 0.06604968241371244],
    "realizations": 250

}
    