{
    "atoms": [[0.0,0.0,0.0],
            [0.0,0.5,0.5]
        ],
    "nx": 1,
    "ny": 20,
    "nz": 20,
    "lattice_vecs": [[9.4583, 0.0,0.0],
                        [0.0, 6.01, 0.0],
                        [0.0, 0.0, 8.5576]
                        ],
    "plane":[1,2],
    "interaction_types": [5.228590100591172],
    "translation_dist": 6.01,
    "j_ij": [-0.0205049, -0.0205049, -0.0402473],
    "sigma": [0.12202494878057822, 0.11432055137579247, 0.05708723898061099],
    "realizations": 50

}
    