{
    "atoms": [[0.0,0.0],
             [0.5,0.5]
        ],
    "n": 20,
    "r": 1,
    "lattice": [[6.01, 0.0],
                [0.0, 8.5576]
                        ],
    "nearest_vecs": [[0.5,0.5], [1,0]],
    "Epsilon":-5.471,
    "sigma_ii":0.1157,
    "j_ij": [-0.0205049, -0.0205049, -0.0402473],
    "sigma_ij": [0.12202494878057822, 0.11432055137579247, 0.05708723898061099],
    "realizations": 50

}
    